<?xml version="1.0" encoding="UTF-8"?>
<!DOCTYPE mapper PUBLIC "-//mybatis.org//DTD Mapper 3.0//EN" "http://mybatis.org/dtd/mybatis-3-mapper.dtd">
<mapper namespace="memberMapper">
	<insert id="insertMember" parameterType="memberDTO"
		useGeneratedKeys="true" keyProperty="id">

		insert into member (id, pw, name,
		tel)
		values (#{id}, #{pw}, #{name}, #{tel})
	</insert>
	<update id="updateMember" parameterType="memberDTO">
		update member
		set tel = #{tel}
		where id = #{id}
	</update>


	<!-- update member set status='N' where user_id=#{userId} -->


	<select id="selectMember" parameterType="String"
		resultType="memberDTO">
		select * from member
		where id = #{id}
	</select>



	<select id="count" parameterType="String" resultType="int">
		select
		count(id) from member
		where name = ${name}
	</select>
	<select id="selectList" resultType="memberDTO">
		select * from member
	</select>

	<delete id="deleteMember" parameterType="String">
		delete from member where id = #{id}
	</delete>
	<select id="loginMember" parameterType="memberDTO"
		resultType="memberDTO">
		<!-- 암호화 전 -->
		select * from member
		where id = #{id} and pw = #{pw}

		<!-- 암호화 후 select * from memberwhere user_id=#{userId} and status='Y' 예외테스트 
			select * from member where user_id=#{userId} and status='Y' -->
	</select>
</mapper>











